INSERT INTO user (user_id, email, name, password, phone, kakao_id, birth, profile_image_url, role,
                  created_at, modified_at)
VALUES (1, 'test1@ajou.ac.kr', '망고보스', null, '010-1234-5678', '11111111', '2000-02-13',
        'https://mblogthumb-phinf.pstatic.net/MjAyMDAyMTBfODAg/MDAxNTgxMzA0MTE3ODMy.ACRLtB9v5NH-I2qjWrwiXLb7TeUiG442cJmcdzVum7cg.eTLpNg_n0rAS5sWOsofRrvBy0qZk_QcWSfUiIagTfd8g.JPEG.lattepain/1581304118739.jpg?type=w800',
        'BOSS', CURRENT_TIMESTAMP, CURRENT_TIMESTAMP),
       (2, 'test2@ajou.ac.kr', '망알바', null, '010-2312-1111', '22222222', '2006-05-11',
        'https://mblogthumb-phinf.pstatic.net/MjAyMDAyMTBfODAg/MDAxNTgxMzA0MTE3ODMy.ACRLtB9v5NH-I2qjWrwiXLb7TeUiG442cJmcdzVum7cg.eTLpNg_n0rAS5sWOsofRrvBy0qZk_QcWSfUiIagTfd8g.JPEG.lattepain/1581304118739.jpg?type=w800',
        'STAFF', CURRENT_TIMESTAMP, CURRENT_TIMESTAMP),
       (3, 'test3@ajou.ac.kr', '고알바', null, '010-4972-4844', '33333333', '2004-07-22',
        'https://mblogthumb-phinf.pstatic.net/MjAyMDAyMTBfODAg/MDAxNTgxMzA0MTE3ODMy.ACRLtB9v5NH-I2qjWrwiXLb7TeUiG442cJmcdzVum7cg.eTLpNg_n0rAS5sWOsofRrvBy0qZk_QcWSfUiIagTfd8g.JPEG.lattepain/1581304118739.jpg?type=w800',
        'STAFF', CURRENT_TIMESTAMP, CURRENT_TIMESTAMP),
       (4, 'test4@ajou.ac.kr', '보알바', null, '010-3993-2222', '44444444', '2005-11-30',
        'https://mblogthumb-phinf.pstatic.net/MjAyMDAyMTBfODAg/MDAxNTgxMzA0MTE3ODMy.ACRLtB9v5NH-I2qjWrwiXLb7TeUiG442cJmcdzVum7cg.eTLpNg_n0rAS5sWOsofRrvBy0qZk_QcWSfUiIagTfd8g.JPEG.lattepain/1581304118739.jpg?type=w800',
        'STAFF', CURRENT_TIMESTAMP, CURRENT_TIMESTAMP),
       (5, 'test5@ajou.ac.kr', '스알바', null, '010-7777-7777', '55555555', '2000-11-20',
        'https://mblogthumb-phinf.pstatic.net/MjAyMDAyMTBfODAg/MDAxNTgxMzA0MTE3ODMy.ACRLtB9v5NH-I2qjWrwiXLb7TeUiG442cJmcdzVum7cg.eTLpNg_n0rAS5sWOsofRrvBy0qZk_QcWSfUiIagTfd8g.JPEG.lattepain/1581304118739.jpg?type=w800',
        'STAFF', CURRENT_TIMESTAMP, CURRENT_TIMESTAMP),
       (6, 'test6@ajou.ac.kr', '정알바', null, '010-7712-2367', '66666666', '1997-09-01',
        'https://mblogthumb-phinf.pstatic.net/MjAyMDAyMTBfODAg/MDAxNTgxMzA0MTE3ODMy.ACRLtB9v5NH-I2qjWrwiXLb7TeUiG442cJmcdzVum7cg.eTLpNg_n0rAS5sWOsofRrvBy0qZk_QcWSfUiIagTfd8g.JPEG.lattepain/1581304118739.jpg?type=w800',
        'STAFF', CURRENT_TIMESTAMP, CURRENT_TIMESTAMP);

INSERT INTO store (store_id, boss_id, name, address, business_number, store_type, invite_code,
                   attendance_method, gps_range_meters, gps_latitude, gps_longitude, qr_code, overtime_limit,
                   created_at, modified_at)
VALUES (1, 1, '망고쥬스', '경기도 수원시 영통구 월드컵로 206', '1248210324', 'CAFE', 'ABC123', 'QR', 10, 37.2843727, 127.0443767,
        '123456ABCDEF', 30, CURRENT_TIMESTAMP, CURRENT_TIMESTAMP),
       (2, 1, '망고코코넛', '경기 수원시 팔달구 아주로 37', '1248210324', 'CAFE', '3A4C78', 'QR', 15, 37.2822024, 127.0463244,
        'JUADEFSE2392', 0, CURRENT_TIMESTAMP, CURRENT_TIMESTAMP);

INSERT INTO transfer_account (transfer_id, bank_code, account_number, account_holder, fin_account,
                              created_at, modified_at)
VALUES (1, 'NH', '3020000012816', '망고보스', '00820100029430000000000027417', CURRENT_TIMESTAMP, CURRENT_TIMESTAMP);

INSERT INTO payroll_setting (payroll_setting_id, auto_transfer_enabled, deduction_unit, commuting_allowance,
                             transfer_date, transfer_account_id, store_id)
VALUES (1, false, 10, 3000, 20, 1, 1),
       (2, false, 10, 0, null, null, 2);

INSERT INTO required_document (store_id, document_type, is_required, created_at, modified_at)
VALUES (1, 'RESIDENT_REGISTRATION', false, CURRENT_TIMESTAMP, CURRENT_TIMESTAMP),
       (1, 'BANK_ACCOUNT', false, CURRENT_TIMESTAMP, CURRENT_TIMESTAMP),
       (1, 'ID_CARD', false, CURRENT_TIMESTAMP, CURRENT_TIMESTAMP),
       (1, 'HEALTH_CERTIFICATE', false, CURRENT_TIMESTAMP, CURRENT_TIMESTAMP),
       (2, 'RESIDENT_REGISTRATION', false, CURRENT_TIMESTAMP, CURRENT_TIMESTAMP),
       (2, 'BANK_ACCOUNT', false, CURRENT_TIMESTAMP, CURRENT_TIMESTAMP),
       (2, 'ID_CARD', false, CURRENT_TIMESTAMP, CURRENT_TIMESTAMP),
       (2, 'HEALTH_CERTIFICATE', false, CURRENT_TIMESTAMP, CURRENT_TIMESTAMP);

INSERT INTO staff (staff_id, user_id, store_id, name, profile_image_url, withholding_type,
                   hourly_wage, bank_code, account_number,
                   created_at, modified_at)
VALUES (1, 2, 1, '망알바',
        'http://k.kakaocdn.net/dn/KNfQc/btsNkI4rZDT/FqS6EhArmExoRcVX9bane1/img_110x110.jpg',
        'INCOME_TAX', 10030, 'NH', '3020000013133', CURRENT_TIMESTAMP, CURRENT_TIMESTAMP),
       (2, 3, 1, '고알바',
        'https://mblogthumb-phinf.pstatic.net/MjAyMDAyMTBfODAg/MDAxNTgxMzA0MTE3ODMy.ACRLtB9v5NH-I2qjWrwiXLb7TeUiG442cJmcdzVum7cg.eTLpNg_n0rAS5sWOsofRrvBy0qZk_QcWSfUiIagTfd8g.JPEG.lattepain/1581304118739.jpg?type=w800',
        'INCOME_TAX', 10030, 'NH', '3020000013093', CURRENT_TIMESTAMP, CURRENT_TIMESTAMP),
       (3, 4, 1, '보알바',
        'https://mblogthumb-phinf.pstatic.net/MjAyMDAyMTBfODAg/MDAxNTgxMzA0MTE3ODMy.ACRLtB9v5NH-I2qjWrwiXLb7TeUiG442cJmcdzVum7cg.eTLpNg_n0rAS5sWOsofRrvBy0qZk_QcWSfUiIagTfd8g.JPEG.lattepain/1581304118739.jpg?type=w800',
        'NONE', 10030, 'NH', '3020000013132', CURRENT_TIMESTAMP, CURRENT_TIMESTAMP),
       (4, 5, 2, '스알바',
        'https://mblogthumb-phinf.pstatic.net/MjAyMDAyMTBfODAg/MDAxNTgxMzA0MTE3ODMy.ACRLtB9v5NH-I2qjWrwiXLb7TeUiG442cJmcdzVum7cg.eTLpNg_n0rAS5sWOsofRrvBy0qZk_QcWSfUiIagTfd8g.JPEG.lattepain/1581304118739.jpg?type=w800',
        'SOCIAL_INSURANCE', 10030, 'NH', '3020000013095', CURRENT_TIMESTAMP, CURRENT_TIMESTAMP),
       (5, 6, 2, '정알바',
        'http://k.kakaocdn.net/dn/bD4Rih/btsNXAxY4w1/XuxLt8jAsnIA5ZaHVjkE0k/img_110x110.jpg',
        'INCOME_TAX', 10030, 'NH', '3020000013094', CURRENT_TIMESTAMP, CURRENT_TIMESTAMP);

INSERT INTO schedule (schedule_id, staff_id, regular_group_id, work_date, start_time, end_time, store_id, substitution_state, created_at, modified_at)
VALUES
    (1, 1, null, '2025-04-01', '2025-04-01 09:00:00', '2025-04-01 15:30:00', 1, 'NONE', CURRENT_TIMESTAMP, CURRENT_TIMESTAMP),
    (2, 2, null, '2025-04-01', '2025-04-01 09:00:00', '2025-04-01 15:00:00', 1, 'NONE', CURRENT_TIMESTAMP, CURRENT_TIMESTAMP),
    (3, 2, null, '2025-04-02', '2025-04-02 10:00:00', '2025-04-02 16:00:00', 1, 'NONE', CURRENT_TIMESTAMP, CURRENT_TIMESTAMP),
    (4, 3, null, '2025-04-03', '2025-04-03 13:00:00', '2025-04-03 17:00:00', 1, 'NONE', CURRENT_TIMESTAMP, CURRENT_TIMESTAMP),
    (5, 1, null, '2025-04-06', '2025-04-06 11:00:00', '2025-04-06 17:00:00', 1, 'NONE', CURRENT_TIMESTAMP, CURRENT_TIMESTAMP),
    (6, 2, null, '2025-04-07', '2025-04-07 08:30:00', '2025-04-07 14:30:00', 1, 'NONE', CURRENT_TIMESTAMP, CURRENT_TIMESTAMP),
    (7, 2, null, '2025-05-01', '2025-05-01 13:00:00', '2025-05-01 18:00:00', 1, 'NONE', CURRENT_TIMESTAMP, CURRENT_TIMESTAMP),
    (8, 1, null, '2025-05-03', '2025-05-03 10:00:00', '2025-05-03 18:00:00', 1, 'NONE', CURRENT_TIMESTAMP, CURRENT_TIMESTAMP),
    (9, 1, null, '2025-05-05', '2025-05-05 09:00:00', '2025-05-05 14:30:00', 1, 'NONE', CURRENT_TIMESTAMP, CURRENT_TIMESTAMP),
    (10, 3, null, '2025-05-06', '2025-05-06 09:00:00', '2025-05-06 14:30:00', 1, 'NONE', CURRENT_TIMESTAMP, CURRENT_TIMESTAMP),
    (11, 2, null, '2025-05-07', '2025-05-07 10:30:00', '2025-05-07 15:30:00', 1, 'NONE', CURRENT_TIMESTAMP, CURRENT_TIMESTAMP),
    (12, 3, null, '2025-05-07', '2025-05-07 10:00:00', '2025-05-07 14:00:00', 1, 'NONE', CURRENT_TIMESTAMP, CURRENT_TIMESTAMP),
    (13, 1, null, '2025-05-08', '2025-05-08 09:00:00', '2025-05-08 14:00:00', 1, 'NONE', CURRENT_TIMESTAMP, CURRENT_TIMESTAMP),
    (14, 3, null, '2025-05-08', '2025-05-08 13:00:00', '2025-05-08 19:00:00', 1, 'NONE', CURRENT_TIMESTAMP, CURRENT_TIMESTAMP),
    (15, 1, null, '2025-05-09', '2025-05-09 12:00:00', '2025-05-09 18:00:00', 1, 'NONE', CURRENT_TIMESTAMP, CURRENT_TIMESTAMP),
    (16, 2, null, '2025-05-10', '2025-05-10 08:00:00', '2025-05-10 13:00:00', 1, 'NONE', CURRENT_TIMESTAMP, CURRENT_TIMESTAMP),
    (17, 1, null, '2025-05-10', '2025-05-10 10:00:00', '2025-05-10 14:00:00', 1, 'NONE', CURRENT_TIMESTAMP, CURRENT_TIMESTAMP),
    (18, 3, null, '2025-05-11', '2025-05-11 09:30:00', '2025-05-11 15:30:00', 1, 'NONE', CURRENT_TIMESTAMP, CURRENT_TIMESTAMP),
    (19, 1, null, '2025-05-12', '2025-05-12 08:30:00', '2025-05-12 14:30:00', 1, 'NONE', CURRENT_TIMESTAMP, CURRENT_TIMESTAMP),
    (20, 2, null, '2025-05-13', '2025-05-13 11:30:00', '2025-05-13 19:00:00', 1, 'NONE', CURRENT_TIMESTAMP, CURRENT_TIMESTAMP),
    (21, 2, null, '2025-05-14', '2025-05-14 09:30:00', '2025-05-14 17:30:00', 1, 'NONE', CURRENT_TIMESTAMP, CURRENT_TIMESTAMP),
    (22, 2, null, '2025-05-15', '2025-05-15 08:00:00', '2025-05-15 16:30:00', 1, 'NONE', CURRENT_TIMESTAMP, CURRENT_TIMESTAMP),
    (23, 2, null, '2025-05-16', '2025-05-16 10:00:00', '2025-05-16 15:30:00', 1, 'NONE', CURRENT_TIMESTAMP, CURRENT_TIMESTAMP),
    (24, 3, null, '2025-05-17', '2025-05-17 08:30:00', '2025-05-17 15:00:00', 1, 'NONE', CURRENT_TIMESTAMP, CURRENT_TIMESTAMP),
    (25, 3, null, '2025-05-20', '2025-05-20 08:30:00', '2025-05-20 15:00:00', 1, 'NONE', CURRENT_TIMESTAMP, CURRENT_TIMESTAMP),
    (26, 3, null, '2025-05-21', '2025-05-21 08:30:00', '2025-05-21 16:30:00', 1, 'NONE', CURRENT_TIMESTAMP, CURRENT_TIMESTAMP),
    (27, 1, null, '2025-05-22', '2025-05-22 09:30:00', '2025-05-22 17:30:00', 1, 'NONE', CURRENT_TIMESTAMP, CURRENT_TIMESTAMP),
    (28, 1, null, '2025-05-23', '2025-05-23 08:00:00', '2025-05-23 14:30:00', 1, 'NONE', CURRENT_TIMESTAMP, CURRENT_TIMESTAMP),
    (29, 3, null, '2025-05-24', '2025-05-24 08:00:00', '2025-05-24 15:30:00', 1, 'NONE', CURRENT_TIMESTAMP, CURRENT_TIMESTAMP),
    (30, 2, null, '2025-05-25', '2025-05-25 09:30:00', '2025-05-25 16:00:00', 1, 'NONE', CURRENT_TIMESTAMP, CURRENT_TIMESTAMP),
    (31, 1, null, '2025-05-26', '2025-05-26 08:00:00', '2025-05-26 15:00:00', 1, 'NONE', CURRENT_TIMESTAMP, CURRENT_TIMESTAMP),
    (32, 2, null, '2025-05-27', '2025-05-27 10:00:00', '2025-05-27 18:00:00', 1, 'NONE', CURRENT_TIMESTAMP, CURRENT_TIMESTAMP),
    (33, 2, null, '2025-05-29', '2025-05-29 10:00:00', '2025-05-29 15:00:00', 1, 'NONE', CURRENT_TIMESTAMP, CURRENT_TIMESTAMP),
    (34, 2, null, '2025-05-30', '2025-05-30 08:00:00', '2025-05-30 14:00:00', 1, 'NONE', CURRENT_TIMESTAMP, CURRENT_TIMESTAMP),
    (35, 3, null, '2025-05-31', '2025-05-31 09:00:00', '2025-05-31 17:00:00', 1, 'NONE', CURRENT_TIMESTAMP, CURRENT_TIMESTAMP);

INSERT INTO attendance (attendance_id, schedule_id, clock_in_time, clock_out_time, clock_in_status, clock_out_status, attendance_state, created_at, modified_at)
VALUES
    (1, 1, '2025-04-01 09:00:00', '2025-04-01 15:30:00', 'NORMAL', 'NORMAL', 'NONE', CURRENT_TIMESTAMP, CURRENT_TIMESTAMP),
    (2, 2, '2025-04-01 09:00:00', '2025-04-01 15:00:00', 'NORMAL', 'NORMAL', 'NONE', CURRENT_TIMESTAMP, CURRENT_TIMESTAMP),
    (3, 3, '2025-04-02 10:00:00', '2025-04-02 16:00:00', 'NORMAL', 'NORMAL', 'NONE', CURRENT_TIMESTAMP, CURRENT_TIMESTAMP),
    (4, 4, '2025-04-03 13:05:00', '2025-04-03 16:30:00', 'LATE', 'EARLY_LEAVE', 'NONE', CURRENT_TIMESTAMP, CURRENT_TIMESTAMP),
    (5, 5, null, null, 'ABSENT', 'ABSENT', 'NONE', CURRENT_TIMESTAMP, CURRENT_TIMESTAMP),
    (6, 6, '2025-04-07 08:30:00', '2025-04-07 14:30:00', 'NORMAL', 'NORMAL', 'NONE', CURRENT_TIMESTAMP, CURRENT_TIMESTAMP),
    (7, 7, '2025-05-01 13:00:00', '2025-05-01 18:00:00', 'NORMAL', 'NORMAL', 'NONE', CURRENT_TIMESTAMP, CURRENT_TIMESTAMP),
    (8, 8, '2025-05-03 10:05:00', '2025-05-03 18:00:00', 'LATE', 'NORMAL', 'NONE', CURRENT_TIMESTAMP, CURRENT_TIMESTAMP),
    (9, 9, '2025-05-05 09:00:00', '2025-05-05 14:30:00', 'NORMAL', 'NORMAL', 'NONE', CURRENT_TIMESTAMP, CURRENT_TIMESTAMP),
    (10, 10, '2025-05-06 09:05:00', '2025-05-06 14:25:00', 'LATE', 'EARLY_LEAVE', 'NONE', CURRENT_TIMESTAMP, CURRENT_TIMESTAMP),
    (11, 11, '2025-05-07 10:30:00', '2025-05-07 15:30:00', 'NORMAL', 'NORMAL', 'NONE', CURRENT_TIMESTAMP, CURRENT_TIMESTAMP),
    (12, 12, null, null, 'ABSENT', 'ABSENT', 'NONE', CURRENT_TIMESTAMP, CURRENT_TIMESTAMP),
    (13, 13, '2025-05-08 09:00:00', '2025-05-08 14:10:00', 'NORMAL', 'OVERTIME', 'NONE', CURRENT_TIMESTAMP, CURRENT_TIMESTAMP),
    (14, 14, '2025-05-08 13:00:00', '2025-05-08 19:00:00', 'NORMAL', 'NORMAL', 'NONE', CURRENT_TIMESTAMP, CURRENT_TIMESTAMP),
    (15, 15, '2025-05-09 12:05:00', '2025-05-09 18:00:00', 'LATE', 'NORMAL', 'NONE', CURRENT_TIMESTAMP, CURRENT_TIMESTAMP),
    (16, 16, '2025-05-10 08:00:00', '2025-05-10 13:00:00', 'NORMAL', 'NORMAL', 'NONE', CURRENT_TIMESTAMP, CURRENT_TIMESTAMP),
    (17, 17, null, null, 'ABSENT', 'ABSENT', 'NONE', CURRENT_TIMESTAMP, CURRENT_TIMESTAMP),
    (18, 18, '2025-05-11 09:30:00', '2025-05-11 15:30:00', 'NORMAL', 'NORMAL', 'NONE', CURRENT_TIMESTAMP, CURRENT_TIMESTAMP),
    (19, 19, '2025-05-12 08:40:00', '2025-05-12 14:20:00', 'LATE', 'EARLY_LEAVE', 'NONE', CURRENT_TIMESTAMP, CURRENT_TIMESTAMP),
    (20, 20, '2025-05-13 11:30:00', '2025-05-13 19:00:00', 'NORMAL', 'NORMAL', 'NONE', CURRENT_TIMESTAMP, CURRENT_TIMESTAMP),
    (21, 21, null, null, 'ABSENT', 'ABSENT', 'NONE', CURRENT_TIMESTAMP, CURRENT_TIMESTAMP),
    (22, 22, '2025-05-15 08:00:00', '2025-05-15 16:30:00', 'NORMAL', 'NORMAL', 'NONE', CURRENT_TIMESTAMP, CURRENT_TIMESTAMP),
    (23, 23, '2025-05-16 10:00:00', '2025-05-16 15:20:00', 'NORMAL', 'EARLY_LEAVE', 'NONE', CURRENT_TIMESTAMP, CURRENT_TIMESTAMP),
    (24, 24, '2025-05-17 08:35:00', '2025-05-17 15:00:00', 'LATE', 'NORMAL', 'NONE', CURRENT_TIMESTAMP, CURRENT_TIMESTAMP),
    (25, 25, '2025-05-20 08:30:00', '2025-05-20 15:00:00', 'NORMAL', 'NORMAL', 'NONE', CURRENT_TIMESTAMP, CURRENT_TIMESTAMP),
    (26, 26, null, null, 'ABSENT', 'ABSENT', 'NONE', CURRENT_TIMESTAMP, CURRENT_TIMESTAMP),
    (27, 27, '2025-05-22 09:30:00', '2025-05-22 17:30:00', 'NORMAL', 'NORMAL', 'NONE', CURRENT_TIMESTAMP, CURRENT_TIMESTAMP),
    (28, 28, '2025-05-23 08:10:00', '2025-05-23 14:30:00', 'LATE', 'NORMAL', 'NONE', CURRENT_TIMESTAMP, CURRENT_TIMESTAMP),
    (29, 29, '2025-05-24 08:00:00', '2025-05-24 15:30:00', 'NORMAL', 'NORMAL', 'NONE', CURRENT_TIMESTAMP, CURRENT_TIMESTAMP),
    (30, 30, '2025-05-25 09:35:00', '2025-05-25 16:00:00', 'LATE', 'NORMAL', 'NONE', CURRENT_TIMESTAMP, CURRENT_TIMESTAMP),
    (31, 31, '2025-05-26 08:00:00', '2025-05-26 15:00:00', 'NORMAL', 'NORMAL', 'NONE', CURRENT_TIMESTAMP, CURRENT_TIMESTAMP),
    (32, 32, null, null, 'ABSENT', 'ABSENT', 'NONE', CURRENT_TIMESTAMP, CURRENT_TIMESTAMP),
    (33, 33, '2025-05-29 10:05:00', '2025-05-29 15:10:00', 'LATE', 'OVERTIME', 'NONE', CURRENT_TIMESTAMP, CURRENT_TIMESTAMP),
    (34, 34, '2025-05-30 08:00:00', '2025-05-30 14:00:00', 'NORMAL', 'NORMAL', 'NONE', CURRENT_TIMESTAMP, CURRENT_TIMESTAMP),
    (35, 35, '2025-05-31 09:00:00', '2025-05-31 17:00:00', 'NORMAL', 'NORMAL', 'NONE', CURRENT_TIMESTAMP, CURRENT_TIMESTAMP);